mapa_key,age_band,population_share_pct,volume_share_pct,informe_page,provenance,note
ACEITES_OLIVA,LT35,8.90,3.14,57;61;65,derived,"Media ponderada por volume das secoes 4.1.1 (143.307,13 mil L), 4.1.2 (37.250,49) e 4.1.3 (138.150,78). O agregado 4.1 ACEITE nao serve: inclui girasol, que e outro grupo."
ACEITES_OLIVA,35_49,30.30,18.17,57;61;65,derived,"Media ponderada por volume das secoes 4.1.1 (143.307,13 mil L), 4.1.2 (37.250,49) e 4.1.3 (138.150,78). O agregado 4.1 ACEITE nao serve: inclui girasol, que e outro grupo."
ACEITES_OLIVA,50_64,31.30,35.61,57;61;65,derived,"Media ponderada por volume das secoes 4.1.1 (143.307,13 mil L), 4.1.2 (37.250,49) e 4.1.3 (138.150,78). O agregado 4.1 ACEITE nao serve: inclui girasol, que e outro grupo."
ACEITES_OLIVA,GE65,29.40,43.08,57;61;65,derived,"Media ponderada por volume das secoes 4.1.1 (143.307,13 mil L), 4.1.2 (37.250,49) e 4.1.3 (138.150,78). O agregado 4.1 ACEITE nao serve: inclui girasol, que e outro grupo."
ACEITE_GIRASOL,LT35,8.90,7.00,69,informe_table,
ACEITE_GIRASOL,35_49,30.30,25.70,69,informe_table,
ACEITE_GIRASOL,50_64,31.30,33.60,69,informe_table,
ACEITE_GIRASOL,GE65,29.40,33.70,69,informe_table,
AGUA,LT35,8.90,5.80,113,informe_table,
AGUA,35_49,30.30,30.40,113,informe_table,
AGUA,50_64,31.30,33.90,113,informe_table,
AGUA,GE65,29.40,29.80,113,informe_table,
ARROZ,LT35,8.89,10.69,82,informe_chart,
ARROZ,35_49,30.33,30.70,82,informe_chart,
ARROZ,50_64,31.34,31.88,82,informe_chart,
ARROZ,GE65,29.44,26.73,82,informe_chart,
BEBIDAS_ESPIRITUOSAS,LT35,8.90,3.10,125,informe_table,
BEBIDAS_ESPIRITUOSAS,35_49,30.30,17.80,125,informe_table,
BEBIDAS_ESPIRITUOSAS,50_64,31.30,34.50,125,informe_table,
BEBIDAS_ESPIRITUOSAS,GE65,29.40,44.60,125,informe_table,
BOLLERIA_PASTELERIA,LT35,8.89,5.83,137,informe_chart,
BOLLERIA_PASTELERIA,35_49,30.33,29.23,137,informe_chart,
BOLLERIA_PASTELERIA,50_64,31.34,33.77,137,informe_chart,
BOLLERIA_PASTELERIA,GE65,29.44,31.17,137,informe_chart,
CAFES_INFUSIONES,LT35,8.89,5.24,168,informe_chart,
CAFES_INFUSIONES,35_49,30.33,23.93,168,informe_chart,
CAFES_INFUSIONES,50_64,31.34,35.37,168,informe_chart,
CAFES_INFUSIONES,GE65,29.44,35.46,168,informe_chart,
CARNE_CERDO,LT35,8.90,4.70,198,informe_table,
CARNE_CERDO,35_49,30.30,26.80,198,informe_table,
CARNE_CERDO,50_64,31.30,37.00,198,informe_table,
CARNE_CERDO,GE65,29.40,31.50,198,informe_table,
CARNE_CONEJO,LT35,8.90,2.50,201,informe_table,
CARNE_CONEJO,35_49,30.30,16.30,201,informe_table,
CARNE_CONEJO,50_64,31.30,31.70,201,informe_table,
CARNE_CONEJO,GE65,29.40,49.50,201,informe_table,
CARNE_FRESCA_OTRAS,LT35,8.90,5.20,184,informe_table,Perfil do agregado CARNE FRESCA: o informe nao publica corte demografico do residuo.
CARNE_FRESCA_OTRAS,35_49,30.30,26.60,184,informe_table,Perfil do agregado CARNE FRESCA: o informe nao publica corte demografico do residuo.
CARNE_FRESCA_OTRAS,50_64,31.30,36.70,184,informe_table,Perfil do agregado CARNE FRESCA: o informe nao publica corte demografico do residuo.
CARNE_FRESCA_OTRAS,GE65,29.40,31.40,184,informe_table,Perfil do agregado CARNE FRESCA: o informe nao publica corte demografico do residuo.
CARNE_OVINO_CAPRINO,LT35,8.90,2.30,195,informe_table,
CARNE_OVINO_CAPRINO,35_49,30.30,17.10,195,informe_table,
CARNE_OVINO_CAPRINO,50_64,31.30,32.60,195,informe_table,
CARNE_OVINO_CAPRINO,GE65,29.40,48.00,195,informe_table,
CARNE_POLLO,LT35,8.90,5.90,191,informe_table,
CARNE_POLLO,35_49,30.30,28.70,191,informe_table,
CARNE_POLLO,50_64,31.30,37.20,191,informe_table,
CARNE_POLLO,GE65,29.40,28.30,191,informe_table,
CARNE_TRANSFORMADA,LT35,8.90,5.30,206,informe_table,"A pagina publica 30,5/31,7/29,0 de populacao, e nao 30,3/31,3/29,4 como as demais. Discrepancia da fonte, registrada verbatim."
CARNE_TRANSFORMADA,35_49,30.50,29.90,206,informe_table,"A pagina publica 30,5/31,7/29,0 de populacao, e nao 30,3/31,3/29,4 como as demais. Discrepancia da fonte, registrada verbatim."
CARNE_TRANSFORMADA,50_64,31.70,37.00,206,informe_table,"A pagina publica 30,5/31,7/29,0 de populacao, e nao 30,3/31,3/29,4 como as demais. Discrepancia da fonte, registrada verbatim."
CARNE_TRANSFORMADA,GE65,29.00,27.80,206,informe_table,"A pagina publica 30,5/31,7/29,0 de populacao, e nao 30,3/31,3/29,4 como as demais. Discrepancia da fonte, registrada verbatim."
CARNE_VACUNO,LT35,8.90,5.30,188,informe_table,
CARNE_VACUNO,35_49,30.30,23.10,188,informe_table,
CARNE_VACUNO,50_64,31.30,36.20,188,informe_table,
CARNE_VACUNO,GE65,29.40,35.40,188,informe_table,
CERVEZA,LT35,8.90,3.60,107,informe_table,
CERVEZA,35_49,30.30,23.80,107,informe_table,
CERVEZA,50_64,31.30,38.10,107,informe_table,
CERVEZA,GE65,29.40,34.60,107,informe_table,
CHOCOLATES_CACAOS,LT35,8.89,6.20,212,informe_chart,
CHOCOLATES_CACAOS,35_49,30.33,31.45,212,informe_chart,
CHOCOLATES_CACAOS,50_64,31.34,33.50,212,informe_chart,
CHOCOLATES_CACAOS,GE65,29.44,28.85,212,informe_chart,
CONSERVAS_PESCADO_MARISCO,LT35,8.90,4.90,427,derived,GE65 fechado por residuo: a tabela da pagina omite a linha.
CONSERVAS_PESCADO_MARISCO,35_49,30.30,25.10,427,derived,GE65 fechado por residuo: a tabela da pagina omite a linha.
CONSERVAS_PESCADO_MARISCO,50_64,31.30,36.70,427,derived,GE65 fechado por residuo: a tabela da pagina omite a linha.
CONSERVAS_PESCADO_MARISCO,GE65,29.40,33.30,427,derived,GE65 fechado por residuo: a tabela da pagina omite a linha.
FRUTAS_FRESCAS,LT35,8.89,3.59,222,informe_chart,
FRUTAS_FRESCAS,35_49,30.33,20.91,222,informe_chart,
FRUTAS_FRESCAS,50_64,31.34,33.23,222,informe_chart,
FRUTAS_FRESCAS,GE65,29.44,42.27,222,informe_chart,
FRUTAS_HORTALIZAS_TRANSFORMADAS,LT35,8.89,6.38,236,informe_chart,
FRUTAS_HORTALIZAS_TRANSFORMADAS,35_49,30.33,27.72,236,informe_chart,
FRUTAS_HORTALIZAS_TRANSFORMADAS,50_64,31.34,34.02,236,informe_chart,
FRUTAS_HORTALIZAS_TRANSFORMADAS,GE65,29.44,31.88,236,informe_chart,
FRUTOS_SECOS,LT35,8.89,4.08,245,informe_chart,
FRUTOS_SECOS,35_49,30.33,24.31,245,informe_chart,
FRUTOS_SECOS,50_64,31.34,36.31,245,informe_chart,
FRUTOS_SECOS,GE65,29.44,35.30,245,informe_chart,
HARINAS_SEMOLAS,LT35,8.89,8.90,373,informe_chart,
HARINAS_SEMOLAS,35_49,30.33,26.84,373,informe_chart,
HARINAS_SEMOLAS,50_64,31.34,31.67,373,informe_chart,
HARINAS_SEMOLAS,GE65,29.44,32.60,373,informe_chart,
HORTALIZAS_FRESCAS,LT35,8.89,4.54,256,informe_chart,
HORTALIZAS_FRESCAS,35_49,30.33,21.44,256,informe_chart,
HORTALIZAS_FRESCAS,50_64,31.34,34.18,256,informe_chart,
HORTALIZAS_FRESCAS,GE65,29.44,39.84,256,informe_chart,
HUEVOS,LT35,8.89,6.57,268,informe_chart,
HUEVOS,35_49,30.33,25.31,268,informe_chart,
HUEVOS,50_64,31.34,34.15,268,informe_chart,
HUEVOS,GE65,29.44,33.97,268,informe_chart,
LECHES_FERMENTADAS,LT35,8.90,5.40,331,informe_table,
LECHES_FERMENTADAS,35_49,30.30,28.90,331,informe_table,
LECHES_FERMENTADAS,50_64,31.30,34.00,331,informe_table,
LECHES_FERMENTADAS,GE65,29.40,31.60,331,informe_table,
LECHE_DESNATADA,LT35,8.90,4.20,298,informe_table,
LECHE_DESNATADA,35_49,30.30,23.70,298,informe_table,
LECHE_DESNATADA,50_64,31.30,35.60,298,informe_table,
LECHE_DESNATADA,GE65,29.40,36.50,298,informe_table,
LECHE_ENTERA,LT35,8.90,7.50,290,informe_table,
LECHE_ENTERA,35_49,30.30,36.60,290,informe_table,
LECHE_ENTERA,50_64,31.30,28.70,290,informe_table,
LECHE_ENTERA,GE65,29.40,27.30,290,informe_table,
LECHE_SEMIDESNATADA,LT35,8.90,5.20,294,informe_table,
LECHE_SEMIDESNATADA,35_49,30.30,27.60,294,informe_table,
LECHE_SEMIDESNATADA,50_64,31.30,33.10,294,informe_table,
LECHE_SEMIDESNATADA,GE65,29.40,34.10,294,informe_table,
LEGUMBRES,LT35,8.89,6.42,337,informe_chart,
LEGUMBRES,35_49,30.33,24.23,337,informe_chart,
LEGUMBRES,50_64,31.34,34.39,337,informe_chart,
LEGUMBRES,GE65,29.44,34.96,337,informe_chart,
MARISCOS_MOLUSCOS_CRUSTACEOS,LT35,8.90,2.50,421,informe_table,
MARISCOS_MOLUSCOS_CRUSTACEOS,35_49,30.30,17.40,421,informe_table,
MARISCOS_MOLUSCOS_CRUSTACEOS,50_64,31.30,35.80,421,informe_table,
MARISCOS_MOLUSCOS_CRUSTACEOS,GE65,29.40,44.30,421,informe_table,
MIEL,LT35,8.89,4.42,346,informe_chart,
MIEL,35_49,30.33,17.72,346,informe_chart,
MIEL,50_64,31.34,36.04,346,informe_chart,
MIEL,GE65,29.44,41.82,346,informe_chart,
PAN,LT35,8.89,3.64,360,informe_chart,
PAN,35_49,30.33,23.74,360,informe_chart,
PAN,50_64,31.34,37.00,360,informe_chart,
PAN,GE65,29.44,35.62,360,informe_chart,
PASTAS,LT35,8.89,8.37,381,informe_chart,
PASTAS,35_49,30.33,32.76,381,informe_chart,
PASTAS,50_64,31.34,34.34,381,informe_chart,
PASTAS,GE65,29.44,24.54,381,informe_chart,
PATATAS,LT35,8.89,4.85,389,informe_chart,
PATATAS,35_49,30.33,25.05,389,informe_chart,
PATATAS,50_64,31.34,35.17,389,informe_chart,
PATATAS,GE65,29.44,34.93,389,informe_chart,
PESCADOS_CONGELADOS,LT35,8.89,3.42,402,informe_chart,Perfil do agregado PESCADOS Y MARISCOS: o informe nao abre corte demografico do congelado.
PESCADOS_CONGELADOS,35_49,30.33,20.02,402,informe_chart,Perfil do agregado PESCADOS Y MARISCOS: o informe nao abre corte demografico do congelado.
PESCADOS_CONGELADOS,50_64,31.34,36.01,402,informe_chart,Perfil do agregado PESCADOS Y MARISCOS: o informe nao abre corte demografico do congelado.
PESCADOS_CONGELADOS,GE65,29.44,40.55,402,informe_chart,Perfil do agregado PESCADOS Y MARISCOS: o informe nao abre corte demografico do congelado.
PESCADO_FRESCO,LT35,8.90,2.80,408,informe_table,
PESCADO_FRESCO,35_49,30.30,17.60,408,informe_table,
PESCADO_FRESCO,50_64,31.30,35.90,408,informe_table,
PESCADO_FRESCO,GE65,29.40,43.70,408,informe_table,
PLATOS_PREPARADOS,LT35,8.89,7.05,444,informe_chart,
PLATOS_PREPARADOS,35_49,30.33,32.32,444,informe_chart,
PLATOS_PREPARADOS,50_64,31.34,34.21,444,informe_chart,
PLATOS_PREPARADOS,GE65,29.44,26.42,444,informe_chart,
QUESOS,LT35,8.90,6.60,325,informe_table,
QUESOS,35_49,30.30,30.20,325,informe_table,
QUESOS,50_64,31.30,34.30,325,informe_table,
QUESOS,GE65,29.40,28.90,325,informe_table,
VINO,LT35,8.90,1.70,102,derived,LT35 fechado por residuo: a tabela da pagina omite a linha.
VINO,35_49,30.30,14.00,102,derived,LT35 fechado por residuo: a tabela da pagina omite a linha.
VINO,50_64,31.30,35.40,102,derived,LT35 fechado por residuo: a tabela da pagina omite a linha.
VINO,GE65,29.40,48.90,102,derived,LT35 fechado por residuo: a tabela da pagina omite a linha.
ZUMOS,LT35,8.90,7.80,131,informe_table,
ZUMOS,35_49,30.30,30.00,131,informe_table,
ZUMOS,50_64,31.30,33.80,131,informe_table,
ZUMOS,GE65,29.40,28.40,131,informe_table,
