source,partition_key,files,records,bytes,content_sha256
ine_callejero,ingestion_date=2026-08-25,20,0,115055278,53303b8291e02de0522590cfb8010cde6c7954be32a3d184e5a0e2ec6d613539
ine_population_api,ingestion_date=2026-08-25,1,16377,276503711,51e94f4025b549255e7d9e75ef33b334152c7884fc76e716492815e6feb27eb4
ine_population_api,ingestion_date=2026-08-26,2,40791,401854695,1c1b0242d8612311da85dc5329329124b1c18c7c4424c47c3db5eb5f87e6a23a
mercadona_catalog_api,ingestion_date=2026-08-15/wh=mad1,152,4626,8291070,be9fe527ac04ded015f1a92b966051a6e6fc56e11fcc6b95062e9bd68354cf83
mercadona_catalog_api,ingestion_date=2026-08-16/wh=mad1,152,4625,8289262,97f0a6c9f70a61129989a8dc7e5a1151f2dc8279e50ad77ed407086c94ab260d
mercadona_catalog_api,ingestion_date=2026-08-24/wh=bcn1,152,4613,8271003,9bce6ac490e5752f7ed141897717dfc87c64894e9994664c2c80acd3e5d0b7a0
mercadona_catalog_api,ingestion_date=2026-08-24/wh=mad1,152,4607,8261218,42fef19720f726408ecece0c74261a3c4cfa772ae8a4b33b60ebea1c0447d048
mercadona_catalog_api,ingestion_date=2026-08-24/wh=svq1,152,4584,8220172,18bd3ad8d95211d7536a5d58c87f931f958c59b2abd0a1818590bdc7c665b4d6
mercadona_catalog_api,ingestion_date=2026-08-24/wh=vlc1,152,4625,8290964,f8e8495bd2ce7b668948043f7bdb7486722edc9f1dd2e0db0d60a37838f8525f
mercadona_catalog_api,ingestion_date=2026-08-25/wh=bcn1,152,4613,8271201,f185cc568b0cfd72920ed28d73bff34260cd71a3fb1d0076334f0f7201bd456a
mercadona_catalog_api,ingestion_date=2026-08-25/wh=mad1,152,4600,8248869,b035b74207cf3fe530b26a7ae4002387c8233547b836a88e7984362bf34376b4
mercadona_catalog_api,ingestion_date=2026-08-25/wh=svq1,152,4584,8220743,28d44888348a0f9617b34ba155dd69a6a44967b9601c1db7a1b55824398e0878
mercadona_catalog_api,ingestion_date=2026-08-25/wh=vlc1,152,4626,8293194,3fd2fa5eb0fbbc0a2bf10bd0ccbe3f3ff18bb43130c020bc1650ddef6ca8b473
mercadona_catalog_api,ingestion_date=2026-08-26/wh=bcn1,152,4614,8273128,f4b846f6dc9e1ac3dcabd43bb0ebbe294b698ed30210684961af52e904045661
mercadona_catalog_api,ingestion_date=2026-08-26/wh=mad1,152,4599,8247044,641722745aa5561ad43bcd7e790584fc5fda33408b2cc3a7857e318c3a82bf78
mercadona_catalog_api,ingestion_date=2026-08-26/wh=svq1,152,4581,8215578,0b554c2f139704202259e0b0618db5472903c1a8de64e0705cf207b0e82dc658
mercadona_catalog_api,ingestion_date=2026-08-26/wh=vlc1,152,4632,8304306,00e1a7c3e3dfa8d21967e550a9f25bc949e328c05b017a4174167d7f29740ff0
mercadona_catalog_api,ingestion_date=2026-08-27/wh=bcn1,152,4615,8275766,94fafec13b7cd66dbb5f8943339f12ee1a91d94921066597ea3f853f7a72d6aa
mercadona_catalog_api,ingestion_date=2026-08-27/wh=mad1,152,4596,8241953,77e3fe224ae9da4814d6cf43d99e13412267efb7c37cdb57f80267e2854e7111
mercadona_catalog_api,ingestion_date=2026-08-27/wh=svq1,152,4578,8210424,709a0be0492dcec77f43f737d5cd83544f7c63137d0601de4045c43969426f12
mercadona_catalog_api,ingestion_date=2026-08-27/wh=vlc1,152,4637,8314036,7a06c40f64ac7da14f053929767608fdd0463f961c3d134461861bfece8bf09c
mercadona_catalog_api,ingestion_date=2026-08-28/wh=bcn1,152,4617,8279390,29da276d4cececebf5b952700cb3d72e23510404dca59fddf66641c096558e3f
mercadona_catalog_api,ingestion_date=2026-08-28/wh=mad1,152,4595,8240953,a5607703c7be020d68a4fde33535576960c2dd88eab2f5a55d9493b6bb438539
mercadona_catalog_api,ingestion_date=2026-08-28/wh=svq1,152,4575,8204985,721f187a2116e54b24502d77ecb505a103994726d4ba9d306eb92eace3bbd798
mercadona_catalog_api,ingestion_date=2026-08-28/wh=vlc1,152,4637,8314527,b2fb51ec14708b10f6092ce3be3560ee40d2f52572873a68c6a9cd4305304857
mercadona_catalog_api,ingestion_date=2026-08-29/wh=bcn1,152,4605,8258513,3a035e08f27b6db38abd8abe3b27fbc3df366821930739bfd6adf1081376de7a
mercadona_catalog_api,ingestion_date=2026-08-29/wh=mad1,152,4578,8211236,e1e5bd23202d99b90e6ffdba1740d43757455158575dda7bc81399aa3bc7b5fa
mercadona_catalog_api,ingestion_date=2026-08-29/wh=svq1,152,4568,8193625,017cacb76c314d77b117a06072460a544d82bd1377999572b90570cdb9c091e6
mercadona_catalog_api,ingestion_date=2026-08-29/wh=vlc1,152,4623,8290218,18d259b23fb6e99a199b04c8ca005756e68abb60e949233de21ac7a490e0b49b
mercadona_catalog_api,ingestion_date=2026-08-31/wh=bcn1,152,4613,8276438,666d785d481677ce6ea8e77185128135c7b250036b46bfbfe0a2cf5bad5b4795
mercadona_catalog_api,ingestion_date=2026-08-31/wh=mad1,152,4579,8212886,e7853628997639bd4bcc55e144a857d24e4a8c7854162f5a4e1d958eb972b273
mercadona_catalog_api,ingestion_date=2026-08-31/wh=svq1,152,4575,8206632,c60b5de02b4d952333b62906eef4cb5bbfa82855373e098c6b62077e0a6b11b0
mercadona_catalog_api,ingestion_date=2026-08-31/wh=vlc1,152,4624,8292313,68471f5ab640475ecd435217f953f85273fcf941b856c9f675c73d3fcd119eca
mercadona_catalog_api,ingestion_date=2026-09-01/wh=bcn1,152,4611,8275004,0012209916d59b605ea51702c305dfd68e323f8e4ae4c12fcaaa2ef8395a2fca
mercadona_catalog_api,ingestion_date=2026-09-01/wh=mad1,152,4578,8212463,f7ae8969b6e0b8c33d8284dce2d858eed5b590059d0433e81f2ebced10153734
mercadona_catalog_api,ingestion_date=2026-09-01/wh=svq1,152,4569,8196880,21b17c6b4aaaafd14d01182ca725528ea778fb65a659dbc794a443957426713e
mercadona_catalog_api,ingestion_date=2026-09-01/wh=vlc1,152,4624,8293505,43736b3528d2a03afc1bf2608c85146ac89f9e4a9391722f4163471efc8a0bb7
simulated_oltp,ingestion_date=2026-08-24/wh=bcn1,1,95498,43747339,a3425aaed8d9b45e7256714d0b1ab92db4df7b39a55bf6a46eb5db5d4311e4d2
simulated_oltp,ingestion_date=2026-08-24/wh=mad1,1,128771,58463729,8e18ce6e123c03a44993c6186cd9eebe1ee5fba3dd5f340d3238670751fa0135
simulated_oltp,ingestion_date=2026-08-24/wh=svq1,1,28262,12909452,3c1624b836b434fa4b5b6011b62b1b9aa16f5b027eb129d577f91c9463c4bbbc
simulated_oltp,ingestion_date=2026-08-24/wh=vlc1,1,34295,15996658,921181cfc6a49756bd9dd3a25abd45e509cc293b32b63aba60c5d7cb4fe3da71
simulated_oltp,ingestion_date=2026-08-27/wh=bcn1,1,95498,43747339,c1bff1e87428431f6d12fca4bc0a4f713e44432fa0ead558b242f169aa783de9
simulated_oltp,ingestion_date=2026-08-27/wh=mad1,1,128771,58463729,4247632c8dd600a2f1fb60b8a7fa148cf52a9953499ac71f6bac6db4d9767fef
simulated_oltp,ingestion_date=2026-08-27/wh=svq1,1,28262,12909452,c96f27f0b89bf0e96fb22157d92acd00692058f263649ef094b55c6da8cf4f9d
simulated_oltp,ingestion_date=2026-08-27/wh=vlc1,1,34295,15996658,5429e82115fb6692da8dfe0ecd8d24633ecbf375b60af9088910d901847eabbd
simulated_orders,ingestion_date=2026-08-24/wh=bcn1,1,59075,46311736,00925c187d224c218ab485f04e071ef171be9842e0a8f8ba76a7459e96492b4f
simulated_orders,ingestion_date=2026-08-24/wh=mad1,1,64822,51223354,5a475d6b5dc3283b6973677286a424d07aedbd92236aa5f73bd632eb9d382be2
simulated_orders,ingestion_date=2026-08-24/wh=svq1,1,15353,11947281,1a388eea948fc3bd6487ccb2d81f8ca3604b29c2a0266bf2cbe1fcd8814b6b93
simulated_orders,ingestion_date=2026-08-24/wh=vlc1,1,20242,15953201,891a77bbb0d4f17cea2d87218b8b5a4711275e8c99499fa8c8a87ca299095f87
simulated_orders,ingestion_date=2026-08-25/wh=bcn1,1,58942,46283120,c6cac35eb96b2e69bb479ff89d456840dc7e1cba7a76cbe22371749c00aa9ad3
simulated_orders,ingestion_date=2026-08-25/wh=mad1,1,64985,51027385,c959bf200331eed2c445915e8dd99195c97c2593f384b6073a7757f2e25ad9c8
simulated_orders,ingestion_date=2026-08-25/wh=svq1,1,15362,11941508,26cc85dc49097a4ab95e89dc2a19330e1b8df545c66920970fa609519a023d1f
simulated_orders,ingestion_date=2026-08-25/wh=vlc1,1,20093,15709071,402bdd678d36069bbba3c2266050f4511075b092fc044da5b686b924451159c4
simulated_orders,ingestion_date=2026-08-26/wh=bcn1,1,58920,46403951,d94a27ebc7eeee3e440490c909808f97567059ed3f14934faec2aa558ce5eb58
simulated_orders,ingestion_date=2026-08-26/wh=mad1,1,64868,50985118,92eee756ea73af8a49507e5d62ff6bfcd0b66405398f6b84d11dffce0fe01e2f
simulated_orders,ingestion_date=2026-08-26/wh=svq1,1,15350,12093038,c0be97f8e32a9a7528ef8b3083bcca634d90d4b5daa5a19e24399515fe61017a
simulated_orders,ingestion_date=2026-08-26/wh=vlc1,1,20291,15972130,8b91ec87aeae39e7e8078d87ed9c92def6637a4166d7fe0cf36d185c6ee470d0
simulated_orders,ingestion_date=2026-08-27/wh=bcn1,1,59090,46232832,0f5fd47455e4cf923e8a9d402a9ceba6ea23820bdee46164e479c54f3af9a687
simulated_orders,ingestion_date=2026-08-27/wh=mad1,1,64793,50919909,2d058af0457888f70c3894e88e79bdc6fa238d38620fb0255c1e4f47af531051
simulated_orders,ingestion_date=2026-08-27/wh=svq1,1,15285,11896370,7a4f20891721861f0c842524f03c581aae1c49e3fdbac3ea5e42e703b42c1379
simulated_orders,ingestion_date=2026-08-27/wh=vlc1,1,20260,15921635,6d2b885e10fb267f5525664ed391f59052c26d93d87d4ac2720bf020b9a2013e
simulated_orders,ingestion_date=2026-08-28/wh=bcn1,1,59057,46343414,a4a713a109228a9a956ed4580c9588cc5c656b72c71e0c531a0d9742f2d8d742
simulated_orders,ingestion_date=2026-08-28/wh=mad1,1,64667,51030061,6b90d3dbe321f322eaf0cac68a12d9a1342d148001d98653445b66d9e5a6f336
simulated_orders,ingestion_date=2026-08-28/wh=svq1,1,15419,12099876,46ca8e88ffea2174d36da3b1fcc17caf6ef074dc11003bb2ce65a1503f46c20b
simulated_orders,ingestion_date=2026-08-28/wh=vlc1,1,20245,15854502,76275f97b98c8c3e4c2b381e3a83a71404af7a616dee0cd7216e4a1cae8d13cb
simulated_orders,ingestion_date=2026-08-29/wh=bcn1,1,59205,46298688,9e2217cdfe5ed5b8f4b0220d5070135a7fc39e194e48719a43ac6171112611a2
simulated_orders,ingestion_date=2026-08-29/wh=mad1,1,64680,50895475,0d9ee515cc8c606db6614e0f47c4a904351865d6863df4f51451ded4478c0b8e
simulated_orders,ingestion_date=2026-08-29/wh=svq1,1,15315,11980755,b48de55924ee4407d14b03fc42144b68e43fa498c9489692f106c01fa3a87f87
simulated_orders,ingestion_date=2026-08-29/wh=vlc1,1,20191,15727123,7e42ad76c2fbfcbe28a9e998a01fb9393ef355105c8b4e4801a70cbab506aa4d
simulated_orders,ingestion_date=2026-08-30/wh=bcn1,1,58959,46410568,96188226c5c99012920eb0d0cd06bfd40aa1428765ba13b0edd8dc6a249599e2
simulated_orders,ingestion_date=2026-08-30/wh=mad1,1,64617,50873527,6f09fc638cbdc809cbad43fe43febbdeddb1935cabf920ef3f8f938054e22336
simulated_orders,ingestion_date=2026-08-30/wh=svq1,1,15429,12078695,65af7350f80df5b49f00e554d36b64469dd04e1ad986bc4432035ed602f16bbf
simulated_orders,ingestion_date=2026-08-30/wh=vlc1,1,20268,15900618,f30554e123b99eb1aba8ef51ee7e30f2a2ff1b6e170e10bab07c8a827fa9dcbf
simulated_orders,ingestion_date=2026-08-31/wh=bcn1,1,59043,46486800,ce8d93d5911d84637dd01952d53cb6384369e313a0df707bb5c97c0784e970ba
simulated_orders,ingestion_date=2026-08-31/wh=mad1,1,64676,50839299,e3484d6950a3ccf6d71afa5755c9dd7f8c1d82f15f4db6a7ebc9dfbf0ba7897f
simulated_orders,ingestion_date=2026-08-31/wh=svq1,1,15412,12096913,74204b6eb1b010223a1568974ae76f46af766b3e3c3b90a191a7df675e18ede7
simulated_orders,ingestion_date=2026-08-31/wh=vlc1,1,20244,15915506,646dffbc44e1749e85100038474573292cbfd2c7be7c2c00a741c0c597a6ad55
simulated_orders,ingestion_date=2026-09-01/wh=bcn1,1,58826,46327018,f3d5a8f67db689a1cde5bead2670d0a2a53c2354020f00920bc449beb4721a07
simulated_orders,ingestion_date=2026-09-01/wh=mad1,1,64532,50766376,b01b40423fa85d16ce65743d355f24d1e2c28dda45c1364a307cb3f0ff8be7f8
simulated_orders,ingestion_date=2026-09-01/wh=svq1,1,15137,11803911,569354addfaf5a2e51f28ec32dfb9da7e1ad56b6d4c58591da31c60e94b3358c
simulated_orders,ingestion_date=2026-09-01/wh=vlc1,1,20070,15736340,3f34d2daae10e579a9a32009127a58fad580867aad66e63978cd424fcf3ffb72
